"1","CUENTAS DE ACTIVOS","De","Ctr","Activos","",""
"11","ACTIVOS CORRIENTES","De","Ctr","Activos","1",""
"111","EFECTIVO EN CAJA Y BANCOS","De","Ctr","Activos","11",""
"11101","EFECTIVO EN CAJA","De","Ctr","Activos","111",""
"1110101","CAJA GENERAL","De","Ctr","Activos","11101",""
"111010101","CAJA GENERAL PRINCIPAL","De","Ctr","Activos","1110101","ACTIVOS CORRIENTES"
"11101010101","Caja General","De","Aux","Activos","1110101","ACTIVOS CORRIENTES"
"11101010102","Caja 2 General USA","De","Aux","Activos","111010101","ACTIVOS CORRIENTES"
"111010102","SUCURSAL CAJA PUNTO DE VENTA","De","Ctr","Activos","1110101",""
"11101010201","Caja 1 Pto","De","Aux","Activos","111010102",""
"11101010202","Caja 2 Pto","De","Aux","Activos","111010102",""
"1110102","FONDOS DE CAMBIO","De","Ctr","Activos","11101",""
"111010201","FONDOS DE CAMBIO PRINCIPAL","De","Ctr","Activos","1110102",""
"11101020101","Caja 1 Cambio","De","Aux","Activos","111010201",""
"11101020102","Caja 2 Cambio","De","Aux","Activos","111010201",""
"111010202","FONDOS SUCURSAL PUNTO DE VENTA","De","Ctr","Activos","1110102",""
"11101020201","Caja 1 Fondo Sucursal","De","Aux","Activos","111010202",""
"11101020202","Caja 2 Fondo Sucursal","De","Aux","Activos","111010202",""
"1110103","CAJA CHICA GENERAL","De","Ctr","Activos","11101","ACTIVOS CORRIENTES"
"111010301","CAJA CHICA PRINCIPAL","De","Ctr","Activos","1110103",""
"11101030101","Caja chica Principal 1","De","Aux","Activos","1110103","ACTIVOS CORRIENTES"
"11101030102","Caja chica Principal 2","De","Aux","Activos","1110103","ACTIVOS CORRIENTES"
"111010302","CAJA GENERAL","De","Ctr","Activos","1110103",""
"11101030201","Caja chica","De","Aux","Activos","1110103","ACTIVOS CORRIENTES"
"11101030202","Caja chica General 2","De","Aux","Activos","111010302","ACTIVOS CORRIENTES"
"1110104","EFECTIVO EN MONEDA EXTRAJERA","De","Ctr","Activos","11101",""
"111010401","Monto en Dolares","De","Aux","Activos","1110104",""
"111010402","Monto en Peso","De","Aux","Activos","1110104",""
"1110105","DIFERENCIA EN CAJA","De","Ctr","Activos","11101",""
"111010501","Faltate","De","Ctr","Activos","1110105",""
"111010502","Sobrante","De","Aux","Activos","1110105",""
"1110199","Transferencias de Fondos Entre Cuentas","De","Aux","Activos","11101","ACTIVOS CORRIENTES"
"11102","B A N C O S","De","Ctr","Activos","111",""
"1110201","CUENTAS CORRIENTES","De","Ctr","Activos","11102","ACTIVOS CORRIENTES"
"111020101","CUENTAS CORRIENTES EN PESOS","De","Ctr","Activos","1110201",""
"11102010101","Banreservas Cuenta 9600262272","De","Aux","Activos","111020101","ACTIVOS CORRIENTES"
"11102010102","Banco Popular 783938681","De","Aux","Activos","111020101","ACTIVOS CORRIENTES"
"11102010103","Banco BHD Leon RD 2072879001-6","De","Aux","Activos","111020101","ACTIVOS CORRIENTES"
"11102010104","Scotianbak 1306548","De","Aux","Activos","111020101",""
"11102010105","BHD-838366-18","De","Aux","Activos","111020101","ACTIVOS CORRIENTES"
"11102010106","Banco Santa Cruz (Monto Peso)","De","Aux","Activos","111020101","ACTIVOS CORRIENTES"
"111020102","CUENTAS CORRIENTES EN MONEDA EXTRANJERA","De","Ctr","Activos","1110201",""
"11102010201","Banco Popular Dominicano Corriente Extranjera","De","Ctr","Activos","111020102",""
"1110201020101","Banco Popular Dominicano Corrientes (Monto Peso)","De","Aux","Activos","111020102","ACTIVOS CORRIENTES"
"1110201020102","Banco Popular Dominicano 789113818 (Monto en Dola","De","Aux","Activos","11102010201","ACTIVOS CORRIENTES"
"11102010202","Prima en Cuentas Bancarias","De","Aux","Activos","111020102","ACTIVOS CORRIENTES"
"1110201020201","Banco del Reservas Corriente (Monto en peso)","De","Aux","Activos","111020201","ACTIVOS CORRIENTES"
"1110201020202","Banco BHD 20728790024 (Cuenta en Dolares)","De","Aux","Activos","111020102","ACTIVOS CORRIENTES"
"1110201020203","Banco Santa Cruz Cuenta USA 20014904","De","Aux","Activos","111020102","ACTIVOS CORRIENTES"
"1110202","CUENTAS DE AHORROS","De","Ctr","Activos","11102",""
"111020201","CUENTAS DE AHORROS EN PESOS","De","Ctr","Activos","1110202",""
"11102020101","Cuentas De Ahorros  Coopbueno","De","Aux","Activos","111020201","ACTIVOS CORRIENTES"
"11102020102","Cuentas De Ahorros En Pesos Banco 2","De","Aux","Activos","111020201",""
"11102020103","Banco del Reservas Ahorro (Monto en peso)","De","Aux","Activos","111020201","ACTIVOS CORRIENTES"
"111020202","CUENTA DE AHORROS EN MONEDA EXTRANAJERA","De","Ctr","Activos","1110202",""
"11102020201","Banco Popular Dominicano Ahorro Extranjera","De","Ctr","Activos","111020202",""
"1110202020102","Banco Popular Dominicano (Monto en Dolares)","De","Aux","Activos","11102020201",""
"11102020202","Banco  del Reservas Ahorro Extranjera","De","Aux","Activos","111020202",""
"1110202020202","Banco del Reservas Ahorro (Monto en Dolares)","De","Aux","Activos","111020202","ACTIVOS CORRIENTES"
"112","INVERSIONES A CORTO PLAZO","De","Ctr","Activos","11",""
"11201","Certificado Fin. Cooperat","De","Aux","Activos","112",""
"115","CUENTAS POR COBRAR","De","Ctr","Activos","11",""
"11501","C x C Clientes","De","Aux","Activos","115",""
"11502","C x C Accionistas","De","Aux","Activos","115",""
"11503","C x C Empleados","De","Aux","Activos","115",""
"11504","Otras cuentas por Cobrar","De","Aux","Activos","115","ACTIVOS CORRIENTES"
"11505","Cuentas por Cobrar Miguel Marqueta (Consumos sin NCF)","De","Aux","Activos","115","ACTIVOS CORRIENTES"
"11506","Otras Cuentas por Cobrar Miguel Marqueta","De","Aux","Activos","115","ACTIVOS CORRIENTES"
"11507","Avance proveedores Mercancias","De","Aux","Activos","115","ACTIVOS CORRIENTES"
"11508","Cuentas por Cobrar Coopbueno","De","Aux","Activos","115","ACTIVOS CORRIENTES"
"11509","Cuentas por cobrar pagos gestioes Aduanas","De","Aux","Activos","115","ACTIVOS CORRIENTES"
"116","PROVIS.P/CTAS.INCOBRABLES","De","Ctr","Activos","11",""
"11601","Prov.p/Ctas.Incobrables","De","Aux","Activos","116",""
"117","INVENTARIOS","De","Ctr","Activos","11",""
"11701","ALMACEN GENERAL","De","Ctr","Activos","117",""
"1170101","Inventario de Mercancia","De","Aux","Activos","11701","ACTIVOS CORRIENTES"
"1170102","Inventario de Mercancía  Importada","De","Aux","Activos","11701","ACTIVOS CORRIENTES"
"1170103","Invenatario de Mercancia en Transito","De","Aux","Activos","11701","ACTIVOS CORRIENTES"
"1170104","Inventario Materiales y Suministros","De","Aux","Activos","11701",""
"118","GASTOS ANTICIPADOS","De","Ctr","Activos","11",""
"11801","IMPUESTOS SOBRE LA RENTA","De","Ctr","Activos","118","ACTIVOS CORRIENTES"
"1180101","Anticipos del Impuesto S/R","De","Aux","Activos","11801","ACTIVOS CORRIENTES"
"1180102","Instituciones del Estado","De","Aux","Activos","11801",""
"1180103","Credito sobre Dividendos","De","Aux","Activos","11801",""
"1180104","Otros pagos de ISR-Realizados","De","Aux","Activos","11801",""
"1180105","Retencion Sobre Intereses Recibidos ( Norma 07-19)","De","Aux","Activos","11801","ACTIVOS CORRIENTES"
"1180106","Saldo a Favor IR2","De","Aux","Activos","11801","ACTIVOS DIFERIDOS"
"11802","Seguros Vigentes","De","Ctr","Activos","118",""
"1180201","Seguros Vigentes Vehiculos","De","Aux","Activos","11802",""
"1180202","Seguros Propiedades","De","Aux","Activos","11802",""
"1180203","Seguros Robos","De","Aux","Activos","11802",""
"1180204","Seguros Responsabilidad Civil","De","Aux","Activos","11802",""
"1180205","Seguros Fidelidad","De","Aux","Activos","11802",""
"11804","Seguros Bonificaciones Anticipads","De","Aux","Activos","118",""
"11805","Seguros Intereses","De","Aux","Activos","118",""
"11806","Sueldos y Salarios Anticipados","De","Aux","Activos","118","ACTIVOS CORRIENTES"
"12","INVERSIONES A LARGO PLAZO","De","Ctr","Activos","1",""
"121","INVERSIONES EN ACCIONES","De","Ctr","Activos","12",""
"122","INVERS.EN CED.HIPOTECARS.","De","Ctr","Activos","12",""
"123","DEPOSITOS A PLAZOS FIJOS","De","Ctr","Activos","12",""
"124","INVERSIONES EN BONOS","De","Ctr","Activos","12",""
"125","OTRAS INVERSIONES","De","Ctr","Activos","12",""
"13","ACTIVOS FIJOS","De","Ctr","Activos","1","ACTIVOS FIJOS"
"131","TERRENOS","De","Ctr","Activos","13",""
"13101","Terrenos","De","Aux","Activos","131",""
"13198","Reevaluacion Terrenos","De","Ctr","Activos","131",""
"132","CATEGORIA 1","De","Ctr","Activos","13",""
"13201","LOCAL PRINCIPAL","De","Ctr","Activos","132",""
"1320101","Edificaciones","De","Aux","Activos","13201",""
"1320102","Mejoras  de Propiedad","De","Aux","Activos","13201",""
"1320197","Construccion en Proceso","De","Ctr","Activos","13201",""
"1320198","Reevaluacion de Activos Cat 1","De","Aux","Activos","132",""
"1320199","Depreciacion Categ.  I","De","Aux","Activos","13201",""
"133","CATEGORIA II","De","Ctr","Activos","13","ACTIVOS FIJOS"
"13301","EQUIP.TRANSPORTE LIVIANO","De","Ctr","Activos","133","ACTIVOS FIJOS"
"1330101","Vehiculos Liviano al Costo","De","Aux","Activos","13301","ACTIVOS FIJOS"
"1330198","Reevaluacion de Activos Cat 2","De","Ctr","Activos","13301",""
"1330199","Deprec Vehiculos Liviano","Cr","Aux","Activos","13301","ACTIVOS CORRIENTES"
"13302","MOBILIARIOS EQUIP OFICINA","De","Ctr","Activos","133","ACTIVOS FIJOS"
"1330201","Mobil.Equip Oficina, COSTO","De","Aux","Activos","13302","ACTIVOS FIJOS"
"1330202","Aires Acondicionados","De","Aux","Activos","13302","ACTIVOS FIJOS"
"1330203","Equipos de Computos","De","Aux","Activos","13302","ACTIVOS FIJOS"
"1330204","Accesorios de Computadoras","De","Aux","Activos","13302","ACTIVOS CORRIENTES"
"1330205","Deprec Mob.Eq. Oficina","Cr","Aux","Activos","13302","ACTIVOS FIJOS"
"1330298","Deprec Reevaluacion de Activos","De","Ctr","Activos","13302",""
"1330299","Deprec Mob.Eq. Oficina 1","De","Aux","Activos","13302",""
"13303","Equipos Tranporte Liviano","De","Ctr","Activos","133",""
"13304","SOFTWARE","De","Ctr","Activos","133","ACTIVOS FIJOS"
"1330401","Software 1","De","Aux","Activos","13304","ACTIVOS CORRIENTES"
"1330402","Deprec. de Software","Cr","Aux","Activos","13304","ACTIVOS CORRIENTES"
"134","CATEGORIA 111","De","Ctr","Activos","13",""
"13401","Planta Electrica","De","Aux","Activos","134",""
"13402","Inversores","De","Aux","Activos","134",""
"13403","Tramerias y Archivos y Herramientas de Ofc","De","Aux","Activos","134","ACTIVOS CORRIENTES"
"13404","Equipos de Cocina","De","Aux","Activos","134",""
"13405","Equipos y Maqi¿uinarias Pesadas","De","Aux","Activos","134","ACTIVOS CORRIENTES"
"13406","Otros Activos Cat.3","De","Aux","Activos","134","ACTIVOS CORRIENTES"
"13407","Herramientas y Equipos de Seguridad","De","Aux","Activos","134","ACTIVOS CORRIENTES"
"13408","Dep. Activos Cat.3","Cr","Aux","Activos","134","ACTIVOS CORRIENTES"
"13498","Reevaluacion de Activos","De","Ctr","Activos","134",""
"13499","Depreciac Categoria III","De","Ctr","Activos","134",""
"15","OTROS ACTIVOS","De","Ctr","Activos","1",""
"151","DEPOSITOS Y FIANZAS","De","Ctr","Activos","15","ACTIVOS DIFERIDOS"
"15101","Fianza y Depositos por adquisicion de servicios","De","Aux","Activos","151","ACTIVOS DIFERIDOS"
"15102","Fianza y depositos por alquiler local","De","Aux","Activos","151","ACTIVOS CORRIENTES"
"15103","Depositos Autoridad portuaria","De","Aux","Activos","151","ACTIVOS DIFERIDOS"
"152","NOMBRES COMERCIALES","De","Ctr","Activos","15","ACTIVOS FIJOS"
"15201","Nombre de la Comp.","De","Aux","Activos","152","ACTIVOS FIJOS"
"153","PLUSVALIAS","De","Ctr","Activos","15",""
"154","CARGOS DIFERIDOS","De","Ctr","Activos","15","ACTIVOS DIFERIDOS"
"15401","Gastos de Organizacion","De","Aux","Activos","154",""
"15402","Gastos de Constitucion","De","Aux","Activos","154",""
"15403","Gastos Periodo Constituc.","De","Aux","Activos","154",""
"15404","Mejoras de Propiedad Arrendada","De","Ctr","Activos","154",""
"1540401","Mejora 1","De","Aux","Activos","15404",""
"1540402","Mejora 2","De","Aux","Activos","15404",""
"1540403","Mejora 3","De","Aux","Activos","15404",""
"1540404","Mejora 4","De","Aux","Activos","15404",""
"1540498","Reevalacion Propiedad Arrendada","De","Aux","Activos","15404",""
"1540499","Amortizacion Mejoras propiedad Arrendada","De","Aux","Activos","15404",""
"15405","Sistmas y Software","De","Ctr","Activos","154","ACTIVOS CORRIENTES"
"1540502","Software 2","De","Aux","Activos","15405",""
"1540503","Software 3","De","Aux","Activos","15405",""
"1540504","Software 4","De","Aux","Activos","15405",""
"1540505","Software 5","De","Aux","Activos","15405",""
"1540598","Software 6","De","Aux","Activos","15405",""
"1540599","Software 7","De","Aux","Activos","15405",""
"2","CUENTAS DE PASIVOS","Cr","Ctr","Pasivos","","PASIVO CORTO PLAZO"
"21","PASIVOS CORRIENTES","Cr","Ctr","Pasivos","2","PASIVO CORTO PLAZO"
"211","DOCUMENTOS POR PAGAR C.P.","Cr","Ctr","Pasivos","21",""
"21101","Instituciones Financieras-Modulo","Cr","Ctr","Pasivos","211",""
"21102","Otros Documentos por Pagar (MODULO)","Cr","Ctr","Pasivos","211",""
"212","CUENTAS POR PAGAR","Cr","Ctr","Pasivos","21","ACTIVOS CORRIENTES"
"21201","Cuentas por pagar Miguel A. Marqueta Viajes","Cr","Aux","Pasivos","212","PASIVO CORTO PLAZO"
"21202","C x P Servicios-Modulo","Cr","Aux","Pasivos","212",""
"21203","C x P Clientes-Avance  Venta de Mercancia","Cr","Aux","Pasivos","212","PASIVO CORTO PLAZO"
"21204","C x P Miguel Marqueta Capital","Cr","Aux","Pasivos","212","PASIVO CORTO PLAZO"
"21205","Reintegracion Cheques en Transito","Cr","Aux","Pasivos","212",""
"21206","Cuentas X Pagar Proveedores","Cr","Aux","Pasivos","212","PASIVO CORTO PLAZO"
"21207","Miguel Marqueta Prestamo a Cuenta Personal","Cr","Aux","Pasivos","212","PASIVO CORTO PLAZO"
"21208","Prima en Cuenta por pagar Berian Inversiones USA","Cr","Aux","Pasivos","212","PASIVO CORTO PLAZO"
"21209","Cuenta por pagar Berian Inversiones ( Gastos imp)","Cr","Aux","Pasivos","212","PASIVO CORTO PLAZO"
"21210","Cuentas por Pagar Griselda Almonte","Cr","Aux","Pasivos","212","PASIVO CORTO PLAZO"
"21211","Cuentas por pagar Depositos y Transferencias Coop","Cr","Aux","Pasivos","212","PASIVO CORTO PLAZO"
"21212","Cuentas por Pagar Berian  Monto en  USA","Cr","Aux","Pasivos","212","PASIVO CORTO PLAZO"
"21213","Otras Cuentas por Pagar","Cr","Aux","Pasivos","212","PASIVO CORTO PLAZO"
"21214","Intereses por Pagar Miguel Marqueta","Cr","Aux","Pasivos","212","PASIVO CORTO PLAZO"
"21215","Cuentas por Pagar  VC-COOP","Cr","Aux","Pasivos","212","PASIVO CORTO PLAZO"
"21216","Cuentas X Pagar Miguel Marquera ( Euros)","Cr","Aux","Pasivos","212","PASIVO LARGO PLAZO"
"21217","Prima en Cuentas x Pagar Miguel Marqueta( Euros)","Cr","Aux","Pasivos","212","PASIVO LARGO PLAZO"
"21218","Cuenta por Pagar Miguel Marqueta Banreservas","Cr","Aux","Pasivos","212","PASIVO CORTO PLAZO"
"21219","Impuestos por Pagar","Cr","Aux","Pasivos","212","PASIVO CORTO PLAZO"
"21220","Seguridad Social Por Pagar","Cr","Aux","Pasivos","212","PASIVO CORTO PLAZO"
"21221","Tarjetas de credito Banreservas","Cr","Aux","Pasivos","212","PASIVO CORTO PLAZO"
"21222","Tarjetas de credito Santa Cruz","Cr","Aux","Pasivos","212","ACTIVOS CORRIENTES"
"213","OTRAS CUENTAS POR PAGAR","Cr","Ctr","Pasivos","21",""
"21301","Compañias Relacionadas -Modulo","Cr","Aux","Pasivos","212",""
"214","VALORES RECIB.EN DEPOSITO","Cr","Ctr","Pasivos","21",""
"21401","Depositos a Plazo","Cr","Aux","Pasivos","212",""
"216","PASIVOS DERIV.DE OPERAC.","Cr","Ctr","Pasivos","21",""
"21601","Imp.S/Renta por Pagar","Cr","Aux","Pasivos","216",""
"21602","Bonificaciones por Pagar","Cr","Aux","Pasivos","216",""
"21603","Dividendos por Pagar","Cr","Aux","Pasivos","216",""
"217","RETENCIONES POR PAGAR","Cr","Ctr","Pasivos","21",""
"21701","IMPUESTOS SOBRE LA RENTA RETENCIONES","Cr","Ctr","Pasivos","217",""
"2170101","Retencion Asalariados IR3","Cr","Aux","Pasivos","21701","ACTIVOS CORRIENTES"
"2170102","OTRAS RETENCIONES","Cr","Ctr","Pasivos","21701","PASIVO CORTO PLAZO"
"217010201","Retencion Alquileres","Cr","Aux","Pasivos","2170102",""
"217010202","Retencion Honorarios Servicios Inde","Cr","Aux","Pasivos","2170102",""
"217010203","Retencion Premios","Cr","Aux","Pasivos","2170102",""
"217010204","Retencion Transf. Titulos y Propied","Cr","Aux","Pasivos","2170102",""
"217010205","Retencion Dividendos","Cr","Aux","Pasivos","2170102",""
"217010206","Retencion Inter.Inst.Cred. del Exte","Cr","Aux","Pasivos","2170102",""
"217010207","Retencion Inter.Inst.Cred.Ext.57207","Cr","Aux","Pasivos","2170102",""
"217010208","Retencion Remesas al Exterior","Cr","Aux","Pasivos","2170102",""
"217010209","Retencion Rete x Pagos Prov. Estado","Cr","Ctr","Pasivos","2170102",""
"217010210","Retencion Otras Rentas","Cr","Aux","Pasivos","2170102",""
"217010211","Otras Rentenc.N-07-2007","Cr","Aux","Pasivos","2170102",""
"2170103","RETRIBUCION COMPLEMENARIA","Cr","Ctr","Pasivos","21701",""
"217010301","Vehiculos","Cr","Aux","Pasivos","2170103",""
"217010302","Viviendas","Cr","Aux","Pasivos","2170103",""
"217010303","Personal Domestico","Cr","Aux","Pasivos","2170103",""
"217010304","Descuentos Especiales","Cr","Aux","Pasivos","2170103",""
"217010305","Asistencia Educacional","Cr","Aux","Pasivos","2170103",""
"217010306","Primas seguro de Vida","Cr","Aux","Pasivos","2170103",""
"217010307","Gastos de Representacion de la gerencia","Cr","Aux","Pasivos","2170103","ACTIVOS CORRIENTES"
"217010308","Planes Seguridad Social","Cr","Aux","Pasivos","2170103",""
"217010309","Vacaciones","Cr","Aux","Pasivos","2170103",""
"217010310","Afiliaciones a Entidades","Cr","Aux","Pasivos","2170103",""
"217010311","Otras Cuentas por pagar","Cr","Aux","Pasivos","2170103","PASIVO CORTO PLAZO"
"2170104","SALDOS A COMPESAR RETENCIONES","Cr","Ctr","Pasivos","21701",""
"217010401","Saldos  Compensables Autorizados (Otros Impuestos)","Cr","Aux","Pasivos","2170104",""
"217010402","Pagos Computables a Cuentas IR-17","Cr","Aux","Pasivos","2170104",""
"217010403","Saldo a Favor Anterior IR-17","Cr","Aux","Pasivos","2170104",""
"217010404","Nuevo Saldo a Favor -IR-17","Cr","Aux","Pasivos","2170104",""
"21702","RETENCION SEGURIDAD SOCIAL","Cr","Ctr","Pasivos","217",""
"2170201","Retencion Seguro SFS","Cr","Aux","Pasivos","21702","ACTIVOS CORRIENTES"
"2170202","Retencion A Trabajadores Pension ( SVDS)","Cr","Aux","Pasivos","21702","ACTIVOS CORRIENTES"
"2170203","Retencion Seguro Medico Privado","Cr","Aux","Pasivos","21702","PASIVO CORTO PLAZO"
"21703","Cuota Sindical","Cr","Aux","Pasivos","217",""
"21704","I T E B I S","Cr","Ctr","Pasivos","217",""
"2170401","ITBIS OPERACIONES","Cr","Ctr","Pasivos","21704",""
"217040101","Itbis en operaciones de Compras y  Ventas","Cr","Aux","Pasivos","2170401","PASIVO CORTO PLAZO"
"217040102","Itbis Compras en compras y Servicios","Cr","Aux","Pasivos","2170401","PASIVO CORTO PLAZO"
"217040103","Itbis Servicios Deducible","Cr","Aux","Pasivos","2170401","PASIVO CORTO PLAZO"
"217040104","Itbis en Importaciones","Cr","Aux","Pasivos","2170401","PASIVO CORTO PLAZO"
"217040105","Saldos compensables Autorizados","Cr","Aux","Pasivos","2170401",""
"217040106","Itibis Tarjetas Norm 8-04","Cr","Aux","Pasivos","2170401","PASIVO LARGO PLAZO"
"217040108","Otros Pagos a Cuenta","Cr","Aux","Pasivos","2170401",""
"217040109","Saldo a Favor","Cr","Aux","Pasivos","2170401",""
"217040110","Retencion Sobre Intereses Recibidos ( Norma 07-19))","Cr","Aux","Pasivos","2170401","PASIVO CORTO PLAZO"
"2170402","ITBIS RETENIDO","Cr","Ctr","Pasivos","217","PASIVO CORTO PLAZO"
"217040201","Servicios Pers.Fisic 100%","Cr","Aux","Pasivos","2170402",""
"217040202","Servicios Sociedades 100%","Cr","Aux","Pasivos","2170402",""
"217040203","Servic.Socieda 30% N 2-05","Cr","Aux","Pasivos","2170402",""
"217040204","Bienes/Serv.Contribuy.PST","Cr","Aux","Pasivos","2170402",""
"217040205","Proveedor Infomal 75%","Cr","Aux","Pasivos","2170402",""
"217040206","Saldo a favor IT1 Retenid","Cr","Aux","Pasivos","2170402",""
"217040207","Retencion ITBIS en Servicios","Cr","Aux","Pasivos","2170402","ACTIVOS CORRIENTES"
"217040208","Otras Retenciones N.2-05","Cr","Aux","Pasivos","2170402","PASIVO CORTO PLAZO"
"218","GASTOS ACUMULADOS","Cr","Ctr","Pasivos","21",""
"21801","Sueldos y salarios por pagar","Cr","Aux","Pasivos","218","ACTIVOS CORRIENTES"
"21802","Incentivos Acumulados","Cr","Aux","Pasivos","218","PASIVO CORTO PLAZO"
"21803","Comisiones Acumuladas por Pagar","Cr","Aux","Pasivos","218","ACTIVOS CORRIENTES"
"21804","Regalia Pascual Acumulados","Cr","Aux","Pasivos","218",""
"21805","Vacaciones Acumulados","Cr","Aux","Pasivos","218",""
"21806","Bonificaciones Acumulados","Cr","Aux","Pasivos","218",""
"21807","Cesantia Acumulados","Cr","Aux","Pasivos","218",""
"21808","Seguro Familiar de Salud Acumulados","Cr","Aux","Pasivos","218",""
"21809","Fondos de Pensiones Acumulados","Cr","Aux","Pasivos","218",""
"21810","Riesgos Laborales Acumulados","Cr","Aux","Pasivos","218",""
"21811","Infotep Acumulados","Cr","Aux","Pasivos","218",""
"21812","Intereses por Pagar Acumulados","Cr","Aux","Pasivos","218",""
"21813","Energia Electrica Acumulada","Cr","Aux","Pasivos","218",""
"21814","Servicio Telefonos Acumulados","Cr","Aux","Pasivos","218",""
"21815","Servicio de Agua y Basura Acumulados","Cr","Aux","Pasivos","218",""
"21816","Alquileres y Arrendamient Acumulados","Cr","Aux","Pasivos","218",""
"21817","Sueldos y Salarios Acumulados Miguel Marqueta","De","Aux","Pasivos","218","ACTIVOS CORRIENTES"
"21818","Exceso de Retencion SS a empleados","Cr","Aux","Pasivos","218","PASIVO CORTO PLAZO"
"22","PASIVOS A LARGO PLAZO","Cr","Ctr","Pasivos","2",""
"221","OBLIGACIONES POR PAGAR","Cr","Ctr","Pasivos","22",""
"22101","OBLIGAC.INST.BANCARIAS LP","Cr","Ctr","Pasivos","221",""
"221011","Prestamo  Banco Santa Crz  XXXX-899","Cr","Aux","Pasivos","22101","PASIVO LARGO PLAZO"
"221012","Linea de Credito BSC XXXX970","Cr","Aux","Pasivos","221","PASIVO LARGO PLAZO"
"221013","Linea de Credito Banreservas 960214724","Cr","Aux","Pasivos","221","PASIVO LARGO PLAZO"
"22102","OTRAS OBLIGACIONES A L.P.","Cr","Ctr","Pasivos","221",""
"222","OBLIGAC.CIAS.RELACIONADAS","Cr","Ctr","Pasivos","22",""
"3","CUENTAS DE CAPITAL","Cr","Ctr","Capital","",""
"31","CAPITAL NETO","Cr","Ctr","Capital","3",""
"311","CAPITAL CONTRIBUIDO","Cr","Ctr","Capital","31",""
"31101","Acciones Comunes (MODULO)","Cr","Ctr","Capital","311",""
"31102","Miguel Angel Marqueta Aportes al Capital","Cr","Aux","Capital","311","CAPITAL"
"31103","Primas sobre ventas Accio","Cr","Aux","Capital","311",""
"31104","Acciones en Tesoreria","Cr","Aux","Capital","311",""
"31105","Capital Social Autorizado","Cr","Aux","Capital","311","CAPITAL"
"31106","Ricard Olaria Aportes al Capital","Cr","Aux","Capital","311","CAPITAL"
"32","CUENTAS DE UTILIDADES","Cr","Ctr","Capital","3",""
"321","UTILIDADES RETENIDAS REST","Cr","Ctr","Capital","32",""
"32101","Reserva Legal","Cr","Aux","Capital","321",""
"32102","Reserva Compra Equipos","Cr","Aux","Capital","321",""
"32103","Otras Reservas","Cr","Aux","Capital","321",""
"322","UTILIDADES PEND.APLICAC.","Cr","Ctr","Capital","32",""
"32201","Utilidades Pend. Distrib.","Cr","Aux","Capital","322","CAPITAL"
"32202","Impuesto a los activos","Cr","Aux","Capital","322","CAPITAL"
"32203","IRS  del Periodo","Cr","Aux","Capital","322","CAPITAL"
"323","RESUMEN DE OPERACIONES","Cr","Ctr","Capital","32",""
"32301","Ganancias y Perdidas","Cr","Aux","Capital","323","CAPITAL"
"4","CUENTAS DE INGRESOS","Cr","Ctr","Ingresos","32301",""
"41","INGRESOS POR OPERACIONES","Cr","Ctr","Ingresos","4",""
"411","VENTAS BRUTAS","Cr","Ctr","Ingresos","41",""
"41101","Ventas","Cr","Ctr","Ingresos","411",""
"4110101","Ingresos por Ventas","Cr","Aux","Ingresos","41101","OTROS INGRESOS"
"4110102","Ventas de Activos Fijos","Cr","Aux","Ingresos","41101","ACTIVOS CORRIENTES"
"4110103","Recompensas por ck devueltos","Cr","Aux","Ingresos","431","OTROS INGRESOS"
"4110104","Recuperacion de Cuentas Incobrables","Cr","Aux","Ingresos","431","OTROS INGRESOS"
"4110105","Ventas Departamento5","Cr","Aux","Ingresos","41101",""
"4110106","Ventas Departamento6","Cr","Aux","Ingresos","41101",""
"42","CONTRA CUENTAS DE INGRESOS","Cr","Ctr","Ingresos","4",""
"421","DEDUCCIONES DE LAS VENTAS","Cr","Ctr","Ingresos","42",""
"42101","Descuentos y Devoluciones Dpto 1","Cr","Ctr","Ingresos","421",""
"4210101","Descuentos y Devoluciones en Ventas","Cr","Aux","Ingresos","42101","OTROS INGRESOS"
"4210102","Descuentos y Devoluciones Dpto 3","Cr","Aux","Ingresos","42101",""
"4210103","Descuentos y Devoluciones Dpto 4","Cr","Aux","Ingresos","42101",""
"4210104","Descuentos y Devoluciones Dpto 5","Cr","Aux","Ingresos","42101",""
"4210105","Descuentos y Devoluciones Dpto 6","Cr","Aux","Ingresos","42101",""
"422","DESCUENTOS Y BONIF.S/VTAS","Cr","Ctr","Ingresos","42",""
"43","CTAS.OTROS INGRESOS RECRR","Cr","Ctr","Ingresos","4",""
"431","OTROS INGRESOS","Cr","Ctr","Ingresos","43",""
"43101","Intereses Ganados / Cuentas de Ahorros","Cr","Aux","Ingresos","431","ACTIVOS CORRIENTES"
"43102","Intereses Gan. Manejo  Ct","Cr","Aux","Ingresos","431",""
"43103","Ingresos por Dividendos","Cr","Aux","Ingresos","431",""
"43104","Ing.en Retiro Activos Fjs","Cr","Aux","Ingresos","431",""
"43105","Otros Ingresos","Cr","Aux","Ingresos","431","OTROS INGRESOS"
"43106","Diferencia Cambiaria Posit","Cr","Aux","Ingresos","431","OTROS INGRESOS"
"43107","Sobrantes en Caja General","Cr","Aux","Ingresos","431","OTROS INGRESOS"
"43108","Primas  Cuentas Moneda Extrangera","Cr","Aux","Ingresos","431","OTROS INGRESOS"
"43109","Recompensas por ck devueltos","Cr","Aux","Ingresos","431","OTROS INGRESOS"
"44","CTAS.INGRESOS NO RECURRTS","Cr","Ctr","Ingresos","4",""
"441","Utilidad s/Ventas Invers.","Cr","Aux","Ingresos","44",""
"5","CUENTAS DE COSTOS","De","Ctr","Costos","32301",""
"51","COSTOS DE PRODUCCION","De","Ctr","Costos","5",""
"5103","Otros Costos de Vnetas ( Activos Fijos)","De","Ctr","Costos","512","COSTOS"
"510301","Costo de venta equipos de tranasporte","De","Aux","Costos","5103","COSTOS"
"512","COSTO DE VENTA","De","Ctr","Costos","51","COSTOS"
"51201","Costos  Directos","De","Ctr","Costos","512","COSTOS"
"5120101","Costos Mercancias","De","Aux","Costos","51201","COSTOS"
"5120102","Impuesto Arancelario","De","Aux","Costos","51201","COSTOS"
"5120103","Tasa y Servicio Aduanero","De","Aux","Costos","51201","COSTOS"
"5120104","Declaracion Unica Aduanera (DUA)","De","Aux","Costos","51201","COSTOS"
"5120105","Declaracion del Valor","De","Aux","Costos","51201","COSTOS"
"5120106","Fumigacion, ispeccion,Sellos, atives,destr y otros","De","Aux","Costos","51201","COSTOS"
"5120107","Demora Contenedor en Puerto y Calle","De","Aux","Costos","51201","COSTOS"
"5120108","Compras Nacionales","De","Aux","Costos","51201","COSTOS"
"5120109","Cargos Maritimos","De","Aux","Costos","51201","COSTOS"
"5120110","Gestion de Exportacion","De","Aux","Costos","51201","COSTOS"
"5120111","Transporte de Mercancia","De","Aux","Costos","51201","COSTOS"
"5120112","Desmnte y Desmonte Destripleo y Manipulacion Merca","De","Aux","Costos","51201","COSTOS"
"5120113","Flete y  Seguros  en Importaciones","De","Aux","Costos","51201","COSTOS"
"5120114","Transporte terrestre","De","Aux","Costos","51201","COSTOS"
"5120115","Permisos Aduanales","De","Aux","Costos","51201","COSTOS"
"51202","Descuentos","De","Ctr","Costos","512",""
"5120201","Descuentos y Devoluciones Compra Mercancias","De","Aux","Costos","51202",""
"512108","Honorarios por servicios  del Gestor","De","Aux","Costos","51201","COSTOS"
"6","CUENTAS DE GASTOS","De","Ctr","Gastos","32301",""
"6070404","Interese Prestamo XXXX-899 BSC","De","Aux","Gastos","62704","GASTOS FINANCIEROS"
"610413","Honorarios Abogados PF","De","Aux","Gastos","6220101","GASTOS ADMINISTRATIVOS"
"62","GASTOS GENERALES DE ADMON","De","Ctr","Gastos","6",""
"621","GASTOS DEL PERSONAL","De","Ctr","Gastos","62","GASTOS ADMINISTRATIVOS"
"62101","SUELDOS","De","Ctr","Gastos","621","GASTOS ADMINISTRATIVOS"
"6210101","Sueldos de Funcionarios","De","Aux","Gastos","62101","GASTOS ADMINISTRATIVOS"
"6210102","Sueldos de Empleados","De","Aux","Gastos","62101","GASTOS ADMINISTRATIVOS"
"6210103","Otros Sueldos","De","Aux","Gastos","62101","GASTOS ADMINISTRATIVOS"
"62102","SEGURIDAD SOCIAL","De","Ctr","Gastos","621",""
"6210201","Contribucion Empleador SFS","De","Aux","Gastos","62102","GASTOS ADMINISTRATIVOS"
"6210202","Seguro Accidente Trabajo","De","Aux","Gastos","62102",""
"6210203","Seguro Complementarios","De","Aux","Gastos","62102","GASTOS ADMINISTRATIVOS"
"6210204","Riesgos Laborales SRL","De","Aux","Gastos","62102","GASTOS ADMINISTRATIVOS"
"62103","APORTAC.PLANES PENS.Y JUB","De","Ctr","Gastos","621","GASTOS ADMINISTRATIVOS"
"6210301","Contribucion Empleador Pension ( SVDS)","De","Aux","Gastos","62103","GASTOS ADMINISTRATIVOS"
"62104","OTROS GASTOS DEL PERSONAL","De","Ctr","Gastos","621",""
"6210401","Regalia Pascual","De","Aux","Gastos","62104","GASTOS ADMINISTRATIVOS"
"6210402","Vacaciones a empleados","De","Aux","Gastos","62104","GASTOS ADMINISTRATIVOS"
"6210403","Preavisos y Cesantias","De","Aux","Gastos","62104",""
"6210404","Bonificaciones y Gratif.","De","Aux","Gastos","62104",""
"6210405","Comision por Venta y Cobros empleados","De","Aux","Gastos","62104","GASTOS ADMINISTRATIVOS"
"6210406","Incentivos Empleados","De","Aux","Gastos","62104","GASTOS ADMINISTRATIVOS"
"6210407","Horas Extras y Feriados","De","Aux","Gastos","62104","GASTOS ADMINISTRATIVOS"
"6210408","Contribucion INFOTEP","De","Aux","Gastos","62104","GASTOS ADMINISTRATIVOS"
"6210409","Retribucion Complentaria","De","Aux","Gastos","62104",""
"6210410","Gastos Dieta y Transporte Empleados","De","Aux","Gastos","62104","GASTOS ADMINISTRATIVOS"
"6210411","Seguro Medico Privado","De","Aux","Gastos","62104","GASTOS ADMINISTRATIVOS"
"6210412","Subcidio AFP y SFS, IR3 Empleados","De","Aux","Gastos","62104","GASTOS ADMINISTRATIVOS"
"6210413","Otros Gastos de Personal","De","Aux","Gastos","62104","GASTOS ADMINISTRATIVOS"
"6210414","Uniformes Empleados","De","Aux","Gastos","62104","GASTOS ADMINISTRATIVOS"
"6210415","Asignacion Gastos Vehiculo","De","Aux","Gastos","62104","GASTOS ADMINISTRATIVOS"
"622","GASTOS TRAB.SUMIN.SERVICS","De","Ctr","Gastos","62",""
"62201","HONORARIOS PROFESIONALES","De","Ctr","Gastos","622",""
"6220101","Honorarios  Personas Fisicas","De","Ctr","Gastos","62201","ACTIVOS CORRIENTES"
"622010101","Auditoria, Asesoria fiscal y financiera PF","De","Aux","Gastos","6220101","ACTIVOS CORRIENTES"
"622010102","Comisario de Cuentas PF","De","Aux","Gastos","6220101",""
"622010103","Juridicos y Legal","De","Aux","Gastos","6220101",""
"622010104","Asesoria en Computos e Informatica PM","De","Aux","Gastos","6220101","GASTOS ADMINISTRATIVOS"
"622010105","Tasaciones PF","De","Aux","Gastos","6220101",""
"622010106","Mercadotecnia PF","De","Aux","Gastos","6220101",""
"622010107","Comisiones Sobre ventas y Cobros PF","De","Aux","Gastos","6220101","GASTOS ADMINISTRATIVOS"
"622010108","Auditoria, Asesoria fiscal y financiera PF","De","Aux","Gastos","6220101","GASTOS ADMINISTRATIVOS"
"622010109","Honorarios Abogados por Gestion Cobros Compulsivos","De","Aux","Gastos","6220101","GASTOS EXTRAORDINARIOS"
"622010110","Honorarios Abogados PF","De","Aux","Gastos","6220101","GASTOS ADMINISTRATIVOS"
"622010111","Honorarios por gestion aduanal PF","De","Aux","Gastos","6220101","GASTOS ADMINISTRATIVOS"
"6220102","Honorarios Personas Juridicas","De","Ctr","Gastos","62201",""
"622010201","Auditoria, Asesoria fiscal y financiera PM","De","Aux","Gastos","6220102",""
"622010202","Juridicos y Legal PM","De","Aux","Gastos","6220102",""
"622010203","Mantenimiento de sistema  Informatico  PM","De","Aux","Gastos","6220102","GASTOS ADMINISTRATIVOS"
"622010204","Tasaciones PM","De","Aux","Gastos","6220102",""
"622010205","Mercadotecnia PM","De","Aux","Gastos","6220102",""
"622010206","Comisiones Sobre ventas y Cobros PM","De","Aux","Gastos","6220102",""
"622010209","Otros Honorarios por Servicios Independeintes PM","De","Aux","Gastos","6220102","GASTOS ADMINISTRATIVOS"
"62202","Seguridad, Mensajeria, Transporte","De","Ctr","Gastos","622","ACTIVOS CORRIENTES"
"6220201","Seguridad Mensajeria, Transporte PF","De","Ctr","Gastos","62202","GASTOS ADMINISTRATIVOS"
"622020101","Servicio Seguridad PF","De","Aux","Gastos","6220201",""
"622020102","Servicio mensajeria PF","De","Aux","Gastos","6220201",""
"622020103","Servicio de Transporte PF","De","Aux","Gastos","6220201","GASTOS ADMINISTRATIVOS"
"622020104","Servicio de Transporte1 PF","De","Aux","Gastos","6220201","GASTOS ADMINISTRATIVOS"
"622020105","Desmonte Destripleo y Otros Gastos de Mercancia","De","Aux","Gastos","5120106","GASTOS ADMINISTRATIVOS"
"6220202","Seguridad Mensajeria, Transporte PM","De","Ctr","Gastos","62202",""
"622020201","Servicio Seguridad PM","De","Aux","Gastos","6220202",""
"622020202","Alquileres de Local","De","Aux","Gastos","62301","GASTOS ADMINISTRATIVOS"
"622020203","Servicio de Transporte PM","De","Aux","Gastos","6220202","GASTOS ADMINISTRATIVOS"
"622020204","Servicio de Transporte1 PM","De","Aux","Gastos","6220202","GASTOS ADMINISTRATIVOS"
"622020205","Otros Alquileres","De","Aux","Gastos","6230101","GASTOS ADMINISTRATIVOS"
"62203","Otros  Gastos por Trabajos y Suministros","De","Ctr","Gastos","622",""
"6220301","Energia Electrica","De","Aux","Gastos","62203","GASTOS ADMINISTRATIVOS"
"6220302","Telefonos Flotas, Internet y Comunicaciones","De","Aux","Gastos","62203","GASTOS ADMINISTRATIVOS"
"6220303","Sistema informacion crediticia","De","Aux","Gastos","62203","GASTOS ADMINISTRATIVOS"
"6220304","Materiales y Sum.Oficina","De","Aux","Gastos","62203","GASTOS ADMINISTRATIVOS"
"6220305","Mano de Obra Mater.y utencilios Limpi.","De","Aux","Gastos","62203","GASTOS ADMINISTRATIVOS"
"6220306","Agua,Cafe,Refigerios,Papel HG y Detergentes","De","Aux","Gastos","62203","GASTOS ADMINISTRATIVOS"
"6220307","Servicios de Agua Y basura","De","Aux","Gastos","62203","GASTOS ADMINISTRATIVOS"
"6220308","Otros  Gastos por Trabajos y Suministros","De","Aux","Gastos","62203","GASTOS ADMINISTRATIVOS"
"6220309","Materiales para Mantenimiento General","De","Aux","Gastos","62203","GASTOS ADMINISTRATIVOS"
"6220310","Envio y Transporte de Documentos","De","Aux","Gastos","62203","GASTOS ADMINISTRATIVOS"
"6220311","Mantenimiento Base de Datos","De","Aux","Gastos","62203","GASTOS ADMINISTRATIVOS"
"6220312","Colaboracion  transporte de mercancia cliente","De","Aux","Gastos","62203","GASTOS ADMINISTRATIVOS"
"623","ALQUILERES Y ARRENDAMIENT","De","Ctr","Gastos","62",""
"62301","Arrendaminetos Locales  Comerciales","De","Ctr","Gastos","623","ACTIVOS CORRIENTES"
"6230101","Servicios de Alquileres PF","De","Aux","Gastos","62301","GASTOS ADMINISTRATIVOS"
"6230102","Personas Juridicas","De","Aux","Gastos","62301",""
"62302","Otros Arrendamientos","De","Ctr","Gastos","623",""
"6230201","Parqueos","De","Aux","Gastos","62302",""
"6230202","Depositos","De","Aux","Gastos","62302",""
"6230203","Reparacion de Mobiliarios y Maquinarias","De","Aux","Gastos","62302","GASTOS ADMINISTRATIVOS"
"624","GASTOS DE ACTIVOS FIJOS","De","Ctr","Gastos","62",""
"62401","Deprec.Act.Fijos, Cat.1","De","Aux","Gastos","624","ACTIVOS CORRIENTES"
"62402","Deprec.Act.Fijos, Cat.2","De","Aux","Gastos","624",""
"62403","Deprec.Act.Fijos, Cat.3","De","Aux","Gastos","624",""
"62404","Reparac.Act.Fijos Cat.1","De","Aux","Gastos","624",""
"62405","Reparac.Act.Fijos, Cat.2","De","Aux","Gastos","624","GASTOS ADMINISTRATIVOS"
"62406","Reparac.Act.Fijos, Cat.3","De","Aux","Gastos","624",""
"62407","Reparacion y Mant. Equipos de Oficina","De","Aux","Gastos","624","GASTOS ADMINISTRATIVOS"
"62408","OTROS GASTOS ACTIVOS FIJS","De","Ctr","Gastos","624",""
"6240801","Combustibles y Lubricantes en General","De","Aux","Gastos","62408","GASTOS ADMINISTRATIVOS"
"6240802","Traspaso de Propiedad","De","Aux","Gastos","62408",""
"6240803","Matriculas, placas, Marbetes, Licencias","De","Aux","Gastos","62408",""
"6240804","Renovacion Armas de fuego","De","Aux","Gastos","62408",""
"6240805","Otros GAastos por Activos","De","Aux","Gastos","62408","GASTOS ADMINISTRATIVOS"
"62409","Reparacion y Mant de Vehiculos","De","Aux","Gastos","62408","GASTOS ADMINISTRATIVOS"
"625","GASTOS DE REPRESENTACION","De","Ctr","Gastos","62","GASTOS VENTAS"
"62501","Viajes y Representacion Gerencia General","De","Aux","Gastos","625","GASTOS ADMINISTRATIVOS"
"62502","Gastos personales  Funcionarios (MM)","De","Aux","Gastos","625","GASTOS VENTAS"
"62503","Otros Gastos de Transporte Mercarncia","De","Aux","Gastos","625","GASTOS VENTAS"
"62504","Honorarios por Servicios Transitarios PF","De","Aux","Gastos","625","GASTOS VENTAS"
"62505","GASTOS GESTION CONTENEDOR","De","Aux","Gastos","625","GASTOS VENTAS"
"62506","Donaciones y Contribuciones","De","Aux","Gastos","625","GASTOS EXTRAORDINARIOS"
"62507","Voletos  Aereos","De","Aux","Gastos","625","GASTOS VENTAS"
"62508","Atenion a Clientes y Relacionados","De","Aux","Gastos","625","GASTOS VENTAS"
"62509","Publicidad, letreos y Otros","De","Aux","Gastos","625","GASTOS VENTAS"
"62510","Viajes, Dietas y Estadias","De","Aux","Gastos","625","GASTOS VENTAS"
"62511","Gasto de Representacion y Gestion de Ventas","De","Aux","Gastos","625","GASTOS VENTAS"
"62512","Gastos de Representación en el Exterior","De","Aux","Gastos","625","GASTOS ADMINISTRATIVOS"
"62513","Cuotas  y Suscripciones","De","Aux","Gastos","625","GASTOS ADMINISTRATIVOS"
"62514","Otros Gastos de Representacion  (Con NCF)","De","Aux","Gastos","625","GASTOS ADMINISTRATIVOS"
"626","OTRAS DEDUCCIONES ADMITDS","De","Ctr","Gastos","62",""
"62601","PRIMAS DE SEGUROS","De","Ctr","Gastos","626",""
"6260101","Seguros de Vehiculos","De","Aux","Gastos","62601",""
"6260102","Otros Seguros","De","Aux","Gastos","62601","ACTIVOS CORRIENTES"
"6260103","Seguros de Viajes","De","Aux","Gastos","62601",""
"6260104","Impuesto Selectivo al Consumo 10%","De","Aux","Gastos","62","GASTOS ADMINISTRATIVOS"
"6260107","Impuesto Desarrollo T 2%","De","Aux","Gastos","62","GASTOS ADMINISTRATIVOS"
"627","GASTOS FINANCIEROS","De","Ctr","Gastos","62",""
"62701","GASTOS FINANC.PREST.BANCA","De","Ctr","Gastos","627",""
"6270101","Intereses S/Prest. Comerciales","De","Aux","Gastos","62701",""
"6270102","Intereses Varios","De","Aux","Gastos","62701",""
"6270103","Comisiones S/Prest.Bancar","De","Aux","Gastos","62701",""
"62702","GASTOS FIN.PREST.C/FINANC","De","Ctr","Gastos","627",""
"6270201","Ints.S/Prest.con Financ.","De","Aux","Gastos","62701",""
"6270202","Comis.y Gastos Cierre Fin","De","Aux","Gastos","62702",""
"62703","GASTOS FINANC.PERS.FISICS","De","Ctr","Gastos","627",""
"6270301","Intereses Personas Fisics","De","Aux","Gastos","62703",""
"62704","OTROS GASTOS FINANCIEROS","De","Ctr","Gastos","627",""
"6270401","Cargos  y comisiones Bancarios","De","Aux","Gastos","62704","GASTOS FINANCIEROS"
"6270402","Gastos Legales Prestamos/Bancos","De","Aux","Gastos","62704",""
"6270403","0.15% Ley de Cheques","De","Aux","Gastos","62704","GASTOS FINANCIEROS"
"6270407","Interese Prestamo XXXX-899 BSC","De","Aux","Gastos","62704","GASTOS FINANCIEROS"
"6270408","Intereses Linea de Credito BSCXXX970","De","Aux","Gastos","62704","PASIVO LARGO PLAZO"
"6270409","Intereses Linea de Credito Banresrvas 960214724","De","Aux","Gastos","62704","PASIVO LARGO PLAZO"
"628","OTROS GASTOS EXTRAORDINAR","De","Ctr","Gastos","62",""
"62801","Impuestos Municipales","De","Aux","Gastos","628",""
"62802","Impuestos Diversos","De","Aux","Gastos","628","GASTOS ADMINISTRATIVOS"
"62803","Cuentas Incobrables","De","Aux","Gastos","628","GASTOS ADMINISTRATIVOS"
"62804","Amortizaciones","De","Aux","Gastos","628",""
"62805","Perdida Cambiaria","De","Aux","Gastos","628","GASTOS ADMINISTRATIVOS"
"62806","Cargos y Moras Varios","De","Aux","Gastos","628","GASTOS EXTRAORDINARIOS"
"62807","Gastos Personales Funcionarios","De","Aux","Gastos","628","GASTOS EXTRAORDINARIOS"
"62808","Comision por Recuperacion Cuentas Incobrables","De","Aux","Gastos","628","GASTOS EXTRAORDINARIOS"
"62809","Otros Gastos extraordinarios","De","Aux","Gastos","628","GASTOS EXTRAORDINARIOS"
"62810","Renovacion y Modificacion Registro Mercantil y Actas Asamb.","De","Aux","Gastos","628","GASTOS EXTRAORDINARIOS"
"62811","Gastos de Representación en el Exterior","De","Aux","Gastos","625","GASTOS EXTRAORDINARIOS"
"62812","Gastos Por Gestion de Cuentas Incobrbles","De","Aux","Gastos","628","GASTOS EXTRAORDINARIOS"
"62813","Gastos a Justificar Miguel Angel Marqueta","De","Aux","Gastos","628","GASTOS EXTRAORDINARIOS"
"62814","Exceso de Impuesto Pagado","De","Aux","Gastos","628","GASTOS EXTRAORDINARIOS"
"62815","Subcidio  de Retenciones N 205","De","Aux","Gastos","628","GASTOS EXTRAORDINARIOS"
"62816","Multas Aduaneras","De","Aux","Gastos","628","GASTOS EXTRAORDINARIOS"
"62817","Mordidas Aduanas","De","Aux","Gastos","628","GASTOS EXTRAORDINARIOS"
"62818","Diferencias Cambiarias en  CxP  Proveedores","De","Aux","Gastos","628","GASTOS EXTRAORDINARIOS"
"62819","Recargos e Intereses Fiscales, SFS, TSS y SRL","De","Aux","Gastos","628","GASTOS EXTRAORDINARIOS"
"62820","Impuesto Arancelario","De","Aux","Gastos","628","GASTOS VENTAS"
"62821","Tasa y Serrvicio Aduanero","De","Aux","Gastos","628","GASTOS VENTAS"
"62822","Declaracion de Valor","De","Aux","Gastos","628","GASTOS VENTAS"
"62823","Faltante en caja General","De","Aux","Gastos","628","GASTOS EXTRAORDINARIOS"
"62824","GASTOS MEJORAS A PROPIEDAD ARRENDADA","De","Aux","Gastos","628","GASTOS EXTRAORDINARIOS"
"62825","Gastos de Exportacion","De","Aux","Gastos","628","GASTOS EXTRAORDINARIOS"
"62826","Fumigacion, ispeccion,Sellos, atives,destr y otros","De","Aux","Gastos","628","GASTOS VENTAS"
"62827","Demora Contenedor en Puerto y Calle","De","Aux","Gastos","628","GASTOS VENTAS"
"62828","Flete y Transporte de Mercancia","De","Aux","Gastos","628","GASTOS VENTAS"
"62829","Cargos Maritimos","De","Aux","Gastos","628","GASTOS EXTRAORDINARIOS"
"62830","Gastos de  Cias Interrelacionadas- El bonete","De","Aux","Gastos","628","GASTOS EXTRAORDINARIOS"
"62831","Retiro de activos fijos en deterioro","De","Aux","Gastos","628","ACTIVOS CORRIENTES"